-- phpMyAdmin SQL Dump
-- version 4.7.4
-- https://www.phpmyadmin.net/
--
-- Host: 127.0.0.1
-- Generation Time: Apr 17, 2018 at 09:53 AM
-- Server version: 10.1.29-MariaDB
-- PHP Version: 7.1.12

SET SQL_MODE = "NO_AUTO_VALUE_ON_ZERO";
SET AUTOCOMMIT = 0;
START TRANSACTION;
SET time_zone = "+00:00";


/*!40101 SET @OLD_CHARACTER_SET_CLIENT=@@CHARACTER_SET_CLIENT */;
/*!40101 SET @OLD_CHARACTER_SET_RESULTS=@@CHARACTER_SET_RESULTS */;
/*!40101 SET @OLD_COLLATION_CONNECTION=@@COLLATION_CONNECTION */;
/*!40101 SET NAMES utf8mb4 */;

--
-- Database: `eurostar`
--

-- --------------------------------------------------------

--
-- Table structure for table `bookings`
--

CREATE TABLE `bookings` (
  `BookingID` int(11) NOT NULL,
  `CustomerId` int(11) DEFAULT NULL,
  `BookingDate` date DEFAULT NULL
) ENGINE=InnoDB DEFAULT CHARSET=latin1;

--
-- Dumping data for table `bookings`
--

INSERT INTO `bookings` (`BookingID`, `CustomerId`, `BookingDate`) VALUES
(1, 68, '2017-08-08'),
(3, 5, '2003-09-01'),
(4, 64, '2005-03-29'),
(5, 63, '2012-08-04'),
(6, 30, '1984-04-08'),
(7, 9, '1994-03-24'),
(8, 89, '1982-07-28'),
(9, 49, '2011-06-22'),
(10, 10, '1995-06-27'),
(11, 80, '2010-12-23'),
(12, 38, '1999-05-28'),
(13, 46, '1999-03-09'),
(14, 66, '2014-10-27'),
(16, 60, '2013-01-26'),
(17, 90, '2014-09-15'),
(18, 76, '1970-02-14'),
(19, 44, '1989-03-17'),
(20, 4, '1973-10-29'),
(21, 55, '1989-11-08'),
(22, 6, '1996-10-31'),
(23, 13, '1987-01-10'),
(24, 39, '1990-03-21'),
(27, 57, '1980-02-17'),
(28, 41, '1978-07-29'),
(29, 78, '2004-03-06'),
(30, 18, '2010-08-25'),
(31, 28, '1992-12-18'),
(32, 43, '2001-08-19'),
(33, 32, '1991-10-24'),
(34, 29, '1972-07-15'),
(35, 14, '1987-04-16'),
(36, 91, '2008-08-13'),
(37, 70, '1985-07-14'),
(38, 19, '1976-03-08'),
(39, 87, '1992-11-04'),
(40, 7, '2017-06-16'),
(41, 26, '2004-11-24'),
(42, 73, '1997-04-05'),
(43, 54, '1992-08-20'),
(44, 72, '2001-08-16'),
(45, 56, '1991-08-09'),
(46, 50, '1980-07-10'),
(47, 35, '1999-11-30'),
(48, 62, '1988-07-21'),
(49, 33, '2010-08-08'),
(50, 79, '2017-08-31'),
(51, 75, '2005-07-12'),
(52, 88, '1997-11-14'),
(53, 77, '1985-11-07'),
(54, 8, '2011-08-26'),
(55, 31, '1992-09-08'),
(56, 74, '1979-01-24'),
(58, 85, '1995-02-27'),
(59, 21, '1980-12-10'),
(60, 67, '1990-12-09'),
(61, 12, '1978-10-06'),
(62, 59, '1980-01-12'),
(63, 17, '2008-09-05'),
(66, 27, '1997-02-14'),
(67, 53, '2001-06-14'),
(68, 61, '2000-03-29'),
(69, 45, '1987-08-04'),
(70, 47, '1989-11-28'),
(71, 81, '1986-12-22'),
(72, 65, '2015-03-06'),
(73, 22, '1971-07-31'),
(74, 25, '1985-05-28'),
(75, 40, '1985-01-21'),
(76, 83, '2008-06-17'),
(77, 84, '2006-02-25'),
(78, 71, '2014-04-16'),
(79, 51, '1973-06-29'),
(80, 23, '1995-08-17'),
(81, 52, '2007-05-09'),
(82, 15, '2006-11-29'),
(83, 2, '2010-11-23'),
(84, 24, '1978-09-30'),
(85, 37, '1984-07-17'),
(86, 42, '2007-09-29'),
(87, 3, '1975-08-03'),
(88, 36, '1988-03-17'),
(89, 16, '1994-05-17'),
(90, 34, '1994-11-10'),
(91, 1, '1984-05-25'),
(92, 58, '1984-05-06'),
(93, 86, '2000-11-27'),
(94, 11, '1987-12-05'),
(95, 20, '1995-08-19'),
(96, 82, '1982-02-04'),
(97, 48, '2001-08-24'),
(98, 69, '1990-02-12'),
(116, 116, '2018-04-10'),
(117, 117, '2018-04-10'),
(118, 118, '2018-04-10'),
(119, 119, '2018-04-10'),
(120, 120, '2018-04-10'),
(121, 121, '2018-04-10'),
(122, 122, '2018-04-10'),
(123, 123, '2018-04-10'),
(124, 124, '2018-04-10'),
(125, 125, '2018-04-10'),
(126, 126, '2018-04-10'),
(127, 127, '2018-04-10'),
(128, 129, '2018-04-16'),
(129, 130, '2018-04-16'),
(130, 131, '2018-04-16'),
(131, 146, '2018-04-17'),
(132, 147, '2018-04-17');

-- --------------------------------------------------------

--
-- Table structure for table `categories`
--

CREATE TABLE `categories` (
  `CategoryDescription` varchar(200) DEFAULT NULL,
  `CategoryId` int(11) NOT NULL
) ENGINE=InnoDB DEFAULT CHARSET=latin1;

--
-- Dumping data for table `categories`
--

INSERT INTO `categories` (`CategoryDescription`, `CategoryId`) VALUES
('Economy', 1),
('Religious', 2),
('First class', 3),
('Exotic', 4);

-- --------------------------------------------------------

--
-- Table structure for table `customers`
--

CREATE TABLE `customers` (
  `CustomerId` int(11) NOT NULL,
  `CustomerName` varchar(50) DEFAULT NULL,
  `CustomerAddress` varchar(50) DEFAULT NULL,
  `CustomerCity` varchar(50) DEFAULT NULL,
  `CustomerPostcode` varchar(8) DEFAULT NULL,
  `CustomerPhone` int(11) DEFAULT NULL,
  `CustomerEmail` varchar(50) DEFAULT NULL,
  `CustomerPassport` varchar(50) DEFAULT NULL,
  `CustomerSex` varchar(6) DEFAULT NULL
) ENGINE=InnoDB DEFAULT CHARSET=latin1;

--
-- Dumping data for table `customers`
--

INSERT INTO `customers` (`CustomerId`, `CustomerName`, `CustomerAddress`, `CustomerCity`, `CustomerPostcode`, `CustomerPhone`, `CustomerEmail`, `CustomerPassport`, `CustomerSex`) VALUES
(1, 'Sadye Haley', '989 Powlowski Track', 'North Geo', 'tl665bd', 0, 'arne62@example.net', 'wr785198', '\"femal'),
(2, 'Samir Borer', '7922 Jaden Street', 'Claudietown', 'uk552dd', 1, 'eruecker@example.com', 'ca737247', '\"femal'),
(3, 'Jarrod Langosh', '6961 German Landing', 'Patriciatown', 'ma673as', 86, 'wveum@example.net', 'ux876961', '\"male\"'),
(4, 'Enoch Schumm', '213 Lydia Crossing', 'Coltonshire', 'yz747qv', 0, 'armstrong.carroll@example.com', 'um655724', '\"femal'),
(5, 'Chaz Dickinson', '218 Sadye Green Suite 129', 'Lake Creola', 'ub860rp', 716289, 'davion76@example.net', 'gz913909', '\"male\"'),
(6, 'Scotty Carroll', '148 Gina Expressway Apt. 602', 'Port Andreanne', 'jx634kv', 476, 'carmella.cruickshank@example.com', 'hl884648', '\"femal'),
(7, 'Mr. Geovany Grimes', '5550 Corkery Burgs', 'Jettieport', 'xg214th', 1, 'qschuppe@example.net', 'lm870271', '\"femal'),
(8, 'Maverick Halvorson', '420 Wilkinson Green Apt. 836', 'Beckertown', 'zu831fx', 2147483647, 'harvey.lora@example.org', 'hn042394', '\"femal'),
(9, 'Prof. Nikolas VonRueden DVM', '712 Elvera Throughway Apt. 110', 'Aniyahshire', 'dd243tc', 57527, 'anastacio60@example.net', 'ty479421', '\"male\"'),
(10, 'Prof. Curt Emmerich', '415 Boehm Islands', 'New Phoebe', 'fu474fi', 1, 'ocormier@example.net', 'go927313', '\"femal'),
(11, 'Tom Bahringer', '161 Arvilla Lake Apt. 709', 'Dickensside', 'ui439sj', 675333, 'quitzon.kailee@example.net', 'gs241142', '\"femal'),
(12, 'Sadye O\'Reilly', '0437 Ricardo Ranch', 'Port Orpha', 'wv785jw', 1, 'brekke.savannah@example.net', 'xt859506', '\"femal'),
(13, 'Laurel Stanton', '63766 Okuneva Hills Apt. 007', 'Heaneyfort', 'dq141yk', 1, 'nhowell@example.org', 'eg268722', '\"femal'),
(14, 'Laurel Wolf', '123 Nicole Fields Suite 828', 'Ankundingmouth', 'kq009sx', 1, 'scottie.littel@example.net', 'dq052992', '\"femal'),
(15, 'Helene Buckridge', '642 Guadalupe Meadows Suite 597', 'Reichelview', 'xq024ja', 1, 'zlueilwitz@example.com', 'cs009189', '\"femal'),
(16, 'Prof. Kailey Bode Jr.', '835 Fausto Path', 'Mckenzieborough', 'ou602dw', 1, 'jleffler@example.org', 'dv444946', '\"femal'),
(17, 'Prof. Clotilde Schmeler', '752 Mante Vista Apt. 951', 'Reganfurt', 'tf191fk', 1, 'ueichmann@example.net', 'wt873136', '\"male\"'),
(18, 'Jerrell Kling', '58982 Ruecker Tunnel Apt. 287', 'New Brant', 'yg602ek', 858, 'loren96@example.net', 'fu339087', '\"male\"'),
(19, 'Alice Schultz', '301 Alyce Camp', 'South Santa', 'wo846pn', 0, 'lueilwitz.charles@example.net', 'xu320046', '\"femal'),
(20, 'Mr. Hassan Weber DDS', '840 Franecki Canyon', 'South Aidenfort', 'xl924yi', 1, 'corrine90@example.com', 'ba615181', '\"male\"'),
(21, 'Hosea Hirthe', '4929 Hartmann Roads', 'West Aracely', 'gu166tv', 79662, 'eo\'keefe@example.com', 'sv719349', '\"femal'),
(22, 'Bailee Hand MD', '7211 Breitenberg Center', 'Jevonshire', 'mw380zj', 916, 'fferry@example.net', 'em156457', '\"femal'),
(23, 'Omari Wolf', '51450 Okuneva Fork Suite 172', 'Wilburnshire', 'no701zo', 62, 'gpurdy@example.net', 'km691083', '\"femal'),
(24, 'Etha Skiles II', '7353 Buckridge Park Apt. 395', 'Port Chayafurt', 'xh717mk', 447101, 'ltoy@example.org', 'oi660957', '\"male\"'),
(25, 'Mrs. Margaretta Friesen II', '4424 Misty Fields', 'Roscoeview', 'by762xw', 41, 'mayer.tracy@example.com', 'zf586202', '\"male\"'),
(26, 'Maximus Dare', '36063 Rickie Springs', 'New Giovanniberg', 'bp186uw', 864, 'gianni.mcglynn@example.net', 'hw441576', '\"male\"'),
(27, 'Wellington O\'Connell', '7754 Osinski Corner Suite 629', 'Fadelfort', 'jf329cq', 1, 'johnston.reinhold@example.com', 'dk850409', '\"femal'),
(28, 'Daren Fay MD', '46838 Jess Via Apt. 503', 'Wilberport', 'do853xn', 2147483647, 'isac45@example.net', 'ic960413', '\"male\"'),
(29, 'Dr. Jessika Harber', '8076 Melyssa Bypass Suite 040', 'Clareton', 'yh106uo', 828, 'o\'conner.stacey@example.org', 'sq130420', '\"male\"'),
(30, 'Eduardo Bode', '5825 Baumbach Haven', 'Percymouth', 'pe037gf', 209155, 'francis41@example.net', 'hp037420', '\"femal'),
(31, 'Orrin Grimes DDS', '6689 Farrell Island Apt. 146', 'South Cassandre', 'ui322js', 625, 'ejerde@example.net', 'wy714069', '\"femal'),
(32, 'Judy Feeney II', '5688 Kira Terrace Apt. 493', 'New Kaelynland', 'ix383vh', 1, 'ireichel@example.com', 'ds992818', '\"male\"'),
(33, 'Jayde O\'Conner', '015 Cristobal Street Suite 460', 'McKenziehaven', 'cu140vl', 719646, 'fleta.larson@example.org', 'pd315754', '\"femal'),
(34, 'Greg Conroy', '9831 Darrion Via', 'Earlenechester', 'qd777eo', 257713, 'seth02@example.net', 'vu590975', '\"male\"'),
(35, 'Garfield Fisher', '23126 O\'Hara Lake Suite 791', 'North Queen', 'dd723fl', 1853232737, 'konopelski.emelie@example.net', 'so669476', '\"femal'),
(36, 'Prof. Kyla Hyatt MD', '4810 Jorge Meadow Apt. 697', 'Krisborough', 'pm035yh', 0, 'mariane.klocko@example.net', 'sc469397', '\"femal'),
(37, 'Dr. Lowell Collier', '83203 Danyka Prairie', 'Kubtown', 'fu214gk', 65, 'isabella27@example.net', 'kc845229', '\"femal'),
(38, 'Harvey O\'Keefe II', '536 Goldner Lock', 'North Enoch', 'wg094fz', 1, 'hdoyle@example.net', 'gc756785', '\"male\"'),
(39, 'Virgie Schuster', '257 Clementina Mission', 'Cheyennebury', 'zt402po', 0, 'wolff.barton@example.com', 'lz309369', '\"femal'),
(40, 'Onie Frami', '88906 Carson Vista', 'North Margarita', 'xf760kq', 2147483647, 'howell.lourdes@example.net', 'jc474139', '\"male\"'),
(41, 'Mr. Logan Wolff', '9971 Rodger Locks Suite 467', 'Domenickbury', 'st218mq', 801402, 'lue.cremin@example.net', 'aa961781', '\"male\"'),
(42, 'Liliane Legros DVM', '35881 Raynor Point Apt. 374', 'Elainatown', 'uz052gi', 0, 'janis.durgan@example.net', 'ao007868', '\"male\"'),
(43, 'Prof. Stacey Franecki', '1694 Adolf Trail Apt. 119', 'Uniqueview', 'pf131go', 0, 'wbarton@example.com', 'xr582236', '\"femal'),
(44, 'Hildegard Klein', '0570 Lindsay Burg', 'Willieside', 'vt973xh', 0, 'runte.jerrod@example.org', 'ev416424', '\"femal'),
(45, 'Gonzalo Cruickshank', '1644 Wunsch Garden Suite 906', 'West Litzychester', 'yt434nu', 20, 'michael.robel@example.net', 'rr887769', '\"male\"'),
(46, 'Miss Haylie Baumbach Jr.', '03993 Allene Stravenue Apt. 997', 'New Ralphside', 'ob159dk', 897968, 'erobel@example.com', 'tt457176', '\"male\"'),
(47, 'Dr. Payton Friesen DDS', '608 Daphney Wall', 'East Rodolfofort', 'up704rw', 0, 'bradley10@example.com', 'dk815124', '\"male\"'),
(48, 'Frieda Farrell', '08630 Margarette Estate', 'South Clint', 'vr147ru', 2147483647, 'axel.gerhold@example.com', 'bu971750', '\"male\"'),
(49, 'Christina Barton', '568 Harley Forge Apt. 938', 'Johnnyhaven', 'xc464jp', 0, 'barry.boyle@example.com', 'wz117598', '\"male\"'),
(50, 'Dasia Shanahan', '84089 Stark Well Suite 290', 'Hartmannbury', 'zi698wb', 1, 'russel.reanna@example.net', 'id189615', '\"male\"'),
(51, 'Prof. Tracey Erdman DDS', '4537 Mohr Manors Apt. 182', 'Theresashire', 'he755my', 2147483647, 'ywindler@example.com', 'fn790456', '\"male\"'),
(52, 'Prof. Hilton Hansen', '4772 Gilberto Lock Apt. 160', 'North Russel', 'uq873qe', 850891, 'darian.hoppe@example.org', 'br362590', '\"femal'),
(53, 'Mr. Kay Beier', '95426 Oscar Stream Suite 344', 'Bogisichshire', 'ws090au', 230, 'schaden.deontae@example.com', 'jk230523', '\"male\"'),
(54, 'Mr. Liam Gutmann PhD', '905 Ramiro Shore', 'Port Bridgette', 'za911bz', 1, 'hessel.nicole@example.net', 'hn585390', '\"male\"'),
(55, 'Vita McClure', '61276 Robel Path', 'New Elodyland', 'ez303xx', 481634, 'lincoln28@example.com', 'tb702870', '\"male\"'),
(56, 'Kavon Jenkins', '773 Shaniya Via Suite 741', 'Demarcusberg', 'xy901yg', 1, 'helga.maggio@example.org', 'ic894084', '\"male\"'),
(57, 'Jerrold Lubowitz', '9839 Melyna Plains', 'Port Jaydaview', 'tu990pv', 0, 'barrows.janiya@example.org', 'ui695542', '\"femal'),
(58, 'Geovanny Leannon', '6144 Trystan Oval Apt. 137', 'Gutkowskiside', 'ca263yv', 54, 'ernestina49@example.com', 'fq663264', '\"femal'),
(59, 'Prof. Arianna Feeney Jr.', '42101 Lesly Ports Suite 925', 'Port Freda', 'lh115my', 1, 'brenden08@example.com', 'ne040341', '\"femal'),
(60, 'Tianna Nitzsche', '306 Geovany Road', 'Bransonstad', 'zu296mi', 124, 'paolo.schumm@example.org', 'pg314722', '\"male\"'),
(61, 'Freeda Hudson', '04830 Elyssa Villages', 'Milanshire', 'oj738mi', 1, 'ulices.hyatt@example.org', 'wp744465', '\"male\"'),
(62, 'Prof. Arno Kuhn Jr.', '06847 Dale Fords', 'Okunevashire', 'vd459it', 0, 'minerva.crona@example.net', 'gt173859', '\"femal'),
(63, 'Constantin Zboncak', '1587 Miracle Mountains', 'South Roxaneburgh', 'xp036vo', 0, 'stamm.deshaun@example.com', 'ai962396', '\"male\"'),
(64, 'Dr. Stanford Crooks MD', '1974 Jamel Squares Suite 602', 'Rowenahaven', 'uy154tv', 1, 'von.alisa@example.net', 'ke925295', '\"femal'),
(65, 'Dimitri Gutkowski I', '633 Krajcik Crescent', 'Burdetteshire', 'to887hd', 1, 'otho.o\'keefe@example.net', 'sp743410', '\"femal'),
(66, 'Ms. Fiona Carroll', '5646 Alfredo Ports Apt. 274', 'North Fred', 'nn207ex', 1, 'ehauck@example.org', 'ez813353', '\"femal'),
(67, 'Josh Ratke Sr.', '2593 Nienow Loaf', 'West Ozella', 'og212op', 0, 'aabbott@example.org', 'xu274697', '\"male\"'),
(68, 'Coralie Schaden', '5878 Lizzie Rapid Apt. 186', 'Eltonbury', 'zk365ze', 2147483647, 'rtrantow@example.org', 'zm666932', '\"male\"'),
(69, 'Hallie Moore', '805 Ebert Drive', 'East Asia', 'jm174zi', 642, 'xcollins@example.com', 'av444379', '\"male\"'),
(70, 'Josiah Kiehn', '93302 Colleen Course Suite 995', 'Lake Isabellaside', 'mu414gr', 0, 'moises.emmerich@example.org', 'pb487755', '\"male\"'),
(71, 'Miss Frances Kuhlman I', '97388 Miller Valleys', 'Gorczanystad', 'uc425ej', 2147483647, 'zieme.zetta@example.org', 'vj685268', '\"femal'),
(72, 'Prof. Bernadine Ullrich I', '071 Wunsch Harbors Suite 002', 'North Sabrinaview', 'qy983zm', 49, 'fadel.nathan@example.net', 'gk105393', '\"male\"'),
(73, 'Ofelia Heathcote II', '19999 Crooks Passage Apt. 363', 'West Claudiafurt', 'bc368iv', 1, 'ynikolaus@example.net', 'io360995', '\"femal'),
(74, 'Kayley Larson', '9876 Rhiannon Dam', 'East Jacynthe', 'nw562ii', 0, 'pjakubowski@example.com', 'eq049027', '\"femal'),
(75, 'Ms. Kaelyn Collins PhD', '487 Lemke Place Apt. 960', 'Wisokyhaven', 'bo729uq', 2147483647, 'o\'reilly.myrtice@example.com', 've961004', '\"male\"'),
(76, 'Mrs. Audrey Boyle V', '91222 Briana Tunnel', 'Dameonside', 'xr980bw', 914763, 'deckow.winnifred@example.net', 'uo978187', '\"femal'),
(77, 'Citlalli VonRueden DDS', '6392 Lavina Trafficway', 'Jordaneborough', 'it837ie', 0, 'mschuppe@example.com', 'tk322945', '\"femal'),
(78, 'Lillian Hoppe', '58487 Otis Point', 'Lake Leathaview', 'qe795qj', 2147483647, 'johnathan78@example.net', 'xf121478', '\"male\"'),
(79, 'Martina Wilderman Jr.', '46789 Conn Trail Apt. 408', 'New Brando', 'ee784yg', 0, 'trent.goldner@example.com', 'pu557865', '\"male\"'),
(80, 'Pansy Swaniawski', '2373 Kathleen Dale Apt. 832', 'South Lavadashire', 'rl153yf', 587, 'blanda.courtney@example.com', 'ob551414', '\"male\"'),
(81, 'Clovis Cremin', '13245 Hyatt Street', 'Cartwrighthaven', 'sz805vk', 419776, 'gorczany.salvatore@example.net', 'cd198060', '\"femal'),
(82, 'Sean Pagac', '857 Luettgen Route', 'East Gretaville', 'hb433xx', 424, 'gottlieb.euna@example.net', 'xo072463', '\"male\"'),
(83, 'Mr. Russ Shanahan', '6603 Herman Vista', 'Montyton', 'az671pz', 34, 'josefina06@example.com', 'wr984698', '\"femal'),
(84, 'Vickie Ebert I', '5656 Koch Lights Apt. 707', 'Lake Chadrick', 'un104vm', 0, 'hrobel@example.org', 'zu682060', '\"male\"'),
(85, 'Ivy Bogan', '67087 Rippin Orchard Suite 498', 'Abdulville', 'md107er', 2147483647, 'luettgen.dane@example.com', 'de027011', '\"male\"'),
(86, 'Dr. Melvina Terry III', '97546 Bogisich Parkway', 'O\'Konside', 'xl028at', 36, 'tprice@example.com', 'kl083455', '\"femal'),
(87, 'Providenci Runolfsdottir', '04133 Garrison Highway', 'Barneyborough', 'cb849tf', 0, 'marco80@example.net', 'bk755137', '\"femal'),
(88, 'Deshaun Emmerich III', '57798 Muller Parkway', 'Port Westley', 'zi068kb', 871873, 'ypowlowski@example.net', 'lz586933', '\"femal'),
(89, 'Reginald Satterfield', '724 Rolfson Radial Apt. 740', 'Port Harrisonchester', 'zf054sy', 346036, 'joanie.corkery@example.net', 'nl770284', '\"femal'),
(90, 'Ms. Berneice Pfannerstill', '497 Wolff Oval', 'Port Alfonzo', 'nk651em', 956308, 'zackery07@example.org', 'hl444171', '\"male\"'),
(91, 'Richard Feyman', '', 'London', 'NW38AS', 75456545, 'rich43@yahoo.com', 'rtgrgeryHJ765987', NULL),
(115, 'Henreyk', 'lhg', 'kljh', 'lkjg', 976, 'rgsd@reto2.pl', 'lukhg', NULL),
(116, 'y', 'rstg', 'dxzfg', '', 345, 'sety@rt.pl', 'dxyh', NULL),
(117, 'iiii', 'dfyt', 'dfty', 'dfy', 546, 'tfui@tye.pl', 'tsdy', NULL),
(118, 'ppp', 'cvjh', 'cj', 'cgj', 0, 'cfj', '', NULL),
(119, 'kkkk', 'gvk', 'vgk', 'vk', 457, 'ghk', '', NULL),
(120, 'nnnn', 'fj', 'fj', 'fhj', 546, 'fgj', '', NULL),
(121, 'bbb', 'fgh', 'fgh', 'fh', 0, 'gfhgf', '', NULL),
(122, 'Kaczor', 'sf', 'dfsg', 'dfg', 345, 'fsd@fwe.pl', 'sdg', NULL),
(123, 'bbbbbb', 'dg', 'dg', '', 0, 'f', '', NULL),
(124, 'gbgbgb', 'dgh', 'gh', 'thy', 546, 'dhdg', '', NULL),
(125, 'Castro', 'dsfg', 'dsfg', 'dg', 0, 'dfg', '', NULL),
(126, 'Putin Siergiej', '34 SMolenska', 'Moscow', '34-3434', 45345345, 'siergiejp@o2.pl', 'NB876567', NULL),
(127, 'Ptasznik', '45 Miodowa', 'Lodz', '34-563', 654789654, 'pta@o2.pl', 'GH650234', NULL),
(129, 'Jan Kowalski', '345 Kowalskiego', 'Poznan', '34-534', 654789655, 'jan@o2.pl', 'NM8976434', NULL),
(130, 'Xavras Wyrzyn', '77 Niebianska', 'Bydgoszcz', '34-545', 51258987, 'sad@o2.pl', 'ZX123345456', NULL),
(131, 'Ewa Badurek', '333 Norwood mMain Street', 'Croydon', 'Se25 6HE', 2147483647, 'efka@o2.pl', 'VB87543345', NULL),
(146, 'Jouval Noah Harrari', '23 Nairobi Street', 'Nairobi', '45345', 56456346, 'harrari@yahooc.com', 'ZS2454234', NULL),
(147, 'Douglas Adams', '445 Dowwnside Street', 'Northampton', 'NE346HG', 2147483647, 'dadam@ywshoo.vccom', 'TY453466545', NULL);

-- --------------------------------------------------------

--
-- Table structure for table `messages`
--

CREATE TABLE `messages` (
  `email` varchar(20) NOT NULL,
  `senderName` varchar(30) DEFAULT NULL,
  `subject` varchar(30) DEFAULT NULL,
  `content` varchar(200) NOT NULL,
  `iddd` int(11) NOT NULL
) ENGINE=InnoDB DEFAULT CHARSET=latin1;

--
-- Dumping data for table `messages`
--

INSERT INTO `messages` (`email`, `senderName`, `subject`, `content`, `iddd`) VALUES
('trump@o2.pl', 'Donald Trump', 'holiday', 'Your company sucks, i want my cash  back!!!', 1),
('gonzo@o2.pl', 'Gonzo', 'my nose', 'Hello i have lost my nose and would like to ask if you saw it b y any chance.', 2),
('bill@mic.com', 'Bill gates', 'it sucks to be you', 'your travels to foreign countries are only marginally better than walking there.', 6),
('theresa@uk.uk', 'theresa may', 'give me my money back!', 'the tour i\'ve booked was a disaster! our yacht had got holes and sunk in half-way. we had to swim  back on our own to the port!!!', 7);

-- --------------------------------------------------------

--
-- Table structure for table `orderline`
--

CREATE TABLE `orderline` (
  `BookingID` int(11) NOT NULL,
  `TourID` int(11) NOT NULL,
  `PlacesSold` int(11) DEFAULT NULL,
  `TotalAmount` int(8) NOT NULL
) ENGINE=InnoDB DEFAULT CHARSET=latin1;

--
-- Dumping data for table `orderline`
--

INSERT INTO `orderline` (`BookingID`, `TourID`, `PlacesSold`, `TotalAmount`) VALUES
(129, 89, 2, 14090),
(130, 200, 3, 21732),
(131, 26, 6, 54864),
(132, 43, 3, 15999);

-- --------------------------------------------------------

--
-- Table structure for table `tbl_order`
--

CREATE TABLE `tbl_order` (
  `order_id` int(11) NOT NULL,
  `order_no` varchar(50) NOT NULL,
  `order_date` date NOT NULL,
  `order_receiver_name` varchar(250) NOT NULL,
  `order_receiver_address` text NOT NULL,
  `order_total_before_tax` decimal(10,2) NOT NULL,
  `order_total_tax1` decimal(10,2) NOT NULL,
  `order_total_tax2` decimal(10,2) NOT NULL,
  `order_total_tax3` decimal(10,2) NOT NULL,
  `order_total_tax` decimal(10,2) NOT NULL,
  `order_total_after_tax` decimal(10,2) NOT NULL,
  `order_datetime` datetime NOT NULL
) ENGINE=InnoDB DEFAULT CHARSET=latin1;

--
-- Dumping data for table `tbl_order`
--

INSERT INTO `tbl_order` (`order_id`, `order_no`, `order_date`, `order_receiver_name`, `order_receiver_address`, `order_total_before_tax`, `order_total_tax1`, `order_total_tax2`, `order_total_tax3`, `order_total_tax`, `order_total_after_tax`, `order_datetime`) VALUES
(1, '21', '0000-00-00', 'Jozio', '77 Zlamana', '0.00', '0.00', '0.00', '0.00', '0.00', '0.00', '2018-04-11 00:00:00');

-- --------------------------------------------------------

--
-- Table structure for table `tbl_order_item`
--

CREATE TABLE `tbl_order_item` (
  `order_item_id` int(11) NOT NULL,
  `order_id` int(11) NOT NULL,
  `item_name` varchar(250) NOT NULL,
  `order_item_quantity` decimal(10,2) NOT NULL,
  `order_item_price` decimal(10,2) NOT NULL,
  `order_item_actual_amount` decimal(10,2) NOT NULL,
  `order_item_tax1_rate` decimal(10,2) NOT NULL,
  `order_item_tax1_amount` decimal(10,2) NOT NULL,
  `order_item_tax2_rate` decimal(10,2) NOT NULL,
  `order_item_tax2_amount` decimal(10,2) NOT NULL,
  `order_item_tax3_rate` decimal(10,2) NOT NULL,
  `order_item_tax3_amount` decimal(10,2) NOT NULL,
  `order_item_final_amount` decimal(10,2) NOT NULL
) ENGINE=InnoDB DEFAULT CHARSET=latin1;

--
-- Dumping data for table `tbl_order_item`
--

INSERT INTO `tbl_order_item` (`order_item_id`, `order_id`, `item_name`, `order_item_quantity`, `order_item_price`, `order_item_actual_amount`, `order_item_tax1_rate`, `order_item_tax1_amount`, `order_item_tax2_rate`, `order_item_tax2_amount`, `order_item_tax3_rate`, `order_item_tax3_amount`, `order_item_final_amount`) VALUES
(1, 1, 'Bahama', '2.00', '324.00', '0.00', '34.00', '0.00', '34.00', '0.00', '2.00', '0.00', '0.00');

-- --------------------------------------------------------

--
-- Table structure for table `tours`
--

CREATE TABLE `tours` (
  `TourID` int(11) NOT NULL,
  `Name` varchar(50) DEFAULT NULL,
  `SpacesLeft` int(11) DEFAULT NULL,
  `Destination` varchar(50) DEFAULT NULL,
  `TourDate` date DEFAULT NULL,
  `Duration` int(11) DEFAULT NULL,
  `Description` varchar(200) DEFAULT NULL,
  `Price` int(10) DEFAULT NULL,
  `TourPhoto` varchar(100) DEFAULT NULL,
  `CategoryId` int(11) DEFAULT NULL,
  `Lat` decimal(10,8) DEFAULT NULL,
  `Lon` decimal(11,8) DEFAULT NULL
) ENGINE=InnoDB DEFAULT CHARSET=latin1;

--
-- Dumping data for table `tours`
--

INSERT INTO `tours` (`TourID`, `Name`, `SpacesLeft`, `Destination`, `TourDate`, `Duration`, `Description`, `Price`, `TourPhoto`, `CategoryId`, `Lat`, `Lon`) VALUES
(1, 'Claremont', 19, 'South Africa', '2018-07-15', 23, 'reintermediate frictionless communities', 3663, 'http://dummyimage.com/181x173.png/cc0000/ffffff', 2, '-33.98422440', '18.47408750'),
(2, 'Lille', 9, 'France', '2020-06-20', 46, 'target best-of-breed initiatives', 8931, 'http://dummyimage.com/191x146.png/dddddd/000000', 2, '44.16758670', '2.03082330'),
(3, 'San Isidro', 14, 'Costa Rica', '2018-12-27', 14, 'redefine killer paradigms', 5096, 'http://dummyimage.com/143x214.png/ff4444/ffffff', 2, '9.36070670', '-83.71458110'),
(4, 'Honggang', 2, 'China', '2019-01-19', 3, 'exploit virtual e-markets', 3945, 'http://dummyimage.com/145x225.bmp/dddddd/000000', 2, '46.39841800', '124.89103900'),
(5, 'Kilingi-Nõmme', 5, 'Estonia', '2019-08-12', 56, 'target viral solutions', 4604, 'http://dummyimage.com/179x200.png/dddddd/000000', 4, '58.14836290', '24.95135950'),
(6, 'Nickby', 2, 'Finland', '2019-01-19', 59, 'strategize cutting-edge schemas', 9460, 'http://dummyimage.com/178x112.bmp/dddddd/000000', 1, '60.37633730', '25.27089190'),
(7, 'La Sierpe', 8, 'Cuba', '2018-09-21', 1, 'incubate leading-edge schemas', 7951, 'http://dummyimage.com/121x187.png/dddddd/000000', 2, '21.64952240', '-79.24511490'),
(8, 'João Câmara', 11, 'Brazil', '2018-11-28', 22, 'unleash virtual vortals', 529, 'http://dummyimage.com/245x177.jpg/cc0000/ffffff', 4, '-5.44308890', '-35.87161370'),
(9, 'Unión de Reyes', 20, 'Cuba', '2019-10-17', 2, 'empower revolutionary synergies', 8685, 'http://dummyimage.com/159x133.bmp/ff4444/ffffff', 3, '22.79700610', '-81.53495810'),
(10, 'Frolovo', 1, 'Russia', '2020-06-29', 18, 'mesh scalable partnerships', 4153, 'http://dummyimage.com/108x228.jpg/ff4444/ffffff', 4, '49.76923720', '43.64162860'),
(11, 'Chiang Mai', 28, 'Thailand', '2019-05-14', 40, 'empower mission-critical niches', 7709, 'http://dummyimage.com/145x128.png/cc0000/ffffff', 2, '18.78535770', '99.01841830'),
(12, 'Cabeço', 34, 'Portugal', '2019-09-01', 50, 'grow impactful niches', 689, 'http://dummyimage.com/222x165.jpg/cc0000/ffffff', 1, '40.68162440', '-8.62912410'),
(13, 'Piškorevci', 18, 'Croatia', '2019-02-22', 60, 'generate web-enabled schemas', 4750, 'http://dummyimage.com/107x135.png/ff4444/ffffff', 3, '45.27671090', '18.38760450'),
(14, 'Si Somdet', 18, 'Thailand', '2019-03-11', 20, 'target distributed technologies', 9213, 'http://dummyimage.com/186x159.jpg/dddddd/000000', 2, '16.72754740', '103.73582770'),
(15, 'San Isidro', 5, 'Mexico', '2019-12-12', 39, 'deploy e-business architectures', 1860, 'http://dummyimage.com/131x203.jpg/cc0000/ffffff', 3, '19.48204200', '-99.19855840'),
(16, 'Waajid', 30, 'Somalia', '2020-01-08', 11, 'scale vertical markets', 3881, 'http://dummyimage.com/112x200.png/5fa2dd/ffffff', 2, '3.80929400', '43.24610550'),
(17, 'G?tsuch?', 3, 'Japan', '2018-04-29', 6, 'incentivize open-source synergies', 8105, 'http://dummyimage.com/230x222.jpg/ff4444/ffffff', 2, '35.01336720', '132.22411060'),
(18, 'Radostowice', 28, 'Poland', '2019-07-01', 33, 'innovate bricks-and-clicks solutions', 7745, 'http://dummyimage.com/127x111.bmp/5fa2dd/ffffff', 2, '49.94668160', '18.82446450'),
(19, 'Bang Yai', 27, 'Thailand', '2019-01-20', 53, 'productize distributed e-business', 5768, 'http://dummyimage.com/160x173.jpg/cc0000/ffffff', 1, '13.82742780', '100.36663260'),
(20, 'Marisgama', 25, 'Indonesia', '2019-12-16', 60, 'repurpose clicks-and-mortar communities', 7109, 'http://dummyimage.com/131x136.png/cc0000/ffffff', 2, '-8.91170000', '117.68400000'),
(21, 'Pule', 22, 'Indonesia', '2019-11-05', 36, 'mesh virtual experiences', 7579, 'http://dummyimage.com/170x117.jpg/5fa2dd/ffffff', 2, '-8.13566700', '111.53490590'),
(22, 'Ninghai', 14, 'China', '2020-04-30', 6, 'brand granular channels', 5552, 'http://dummyimage.com/152x101.bmp/cc0000/ffffff', 2, '29.28793900', '121.42947700'),
(23, 'København', 16, 'Denmark', '2019-10-23', 25, 'brand end-to-end channels', 1329, 'http://dummyimage.com/176x181.bmp/ff4444/ffffff', 2, '55.68196640', '12.58084000'),
(24, 'Sanxianling', 15, 'China', '2019-12-10', 38, 'optimize web-enabled experiences', 7215, 'http://dummyimage.com/159x197.jpg/ff4444/ffffff', 2, '27.17177900', '111.62224000'),
(25, 'Caçapava do Sul', 16, 'Brazil', '2019-10-21', 49, 'enhance enterprise e-markets', 6347, 'http://dummyimage.com/218x203.bmp/cc0000/ffffff', 2, '-30.51484450', '-53.48323830'),
(26, 'Honolulu', 12, 'United States', '2019-05-04', 44, 'morph intuitive web services', 9144, 'http://dummyimage.com/227x193.bmp/ff4444/ffffff', 1, '21.34883870', '-157.94356030'),
(27, 'Ch?ibská', 4, 'Czech Republic', '2019-03-11', 27, 'transition open-source experiences', 1976, 'http://dummyimage.com/187x118.png/5fa2dd/ffffff', 4, '50.85927800', '14.48686320'),
(28, 'São Pedro', 27, 'Portugal', '2019-04-05', 19, 'e-enable efficient interfaces', 8343, 'http://dummyimage.com/247x187.jpg/dddddd/000000', 2, '40.12719270', '-8.85765160'),
(29, 'Kinloch', 5, 'United Kingdom', '2019-09-23', 28, 'monetize ubiquitous communities', 9501, 'http://dummyimage.com/110x180.bmp/dddddd/000000', 1, '57.01306400', '-6.28233310'),
(30, 'Paipa', 10, 'Colombia', '2020-02-07', 3, 'reintermediate impactful portals', 5736, 'http://dummyimage.com/105x139.jpg/cc0000/ffffff', 1, '5.77977000', '-73.11472500'),
(31, 'Rodniki', 4, 'Russia', '2020-03-02', 29, 'synergize proactive relationships', 511, 'http://dummyimage.com/104x116.jpg/dddddd/000000', 4, '57.10681910', '41.73408760'),
(32, 'Fengchan', 29, 'China', '2019-01-26', 9, 'maximize 24/7 e-business', 6643, 'http://dummyimage.com/180x184.jpg/ff4444/ffffff', 4, '24.54687600', '107.04219000'),
(33, 'Fier-Çifçi', 1, 'Albania', '2018-10-04', 26, 'orchestrate next-generation schemas', 7605, 'http://dummyimage.com/129x165.jpg/5fa2dd/ffffff', 4, '40.71667000', '19.56667000'),
(34, 'Al Ma?fid', 25, 'Yemen', '2020-04-07', 4, 'cultivate 24/365 eyeballs', 3500, 'http://dummyimage.com/145x168.bmp/ff4444/ffffff', 1, '14.06161900', '46.91496600'),
(35, 'Buenos Aires', 25, 'Honduras', '2019-02-25', 3, 'brand interactive deliverables', 7680, 'http://dummyimage.com/107x142.bmp/dddddd/000000', 2, '-34.58902390', '-58.42973850'),
(36, 'Krajan Timur Mlokorejo', 22, 'Indonesia', '2020-04-01', 59, 'brand sexy niches', 7294, 'http://dummyimage.com/216x138.png/dddddd/000000', 1, '-8.30810000', '113.45860000'),
(37, 'San Jerónimo', 8, 'Guatemala', '2019-07-13', 9, 'integrate sexy bandwidth', 2102, 'http://dummyimage.com/186x218.png/ff4444/ffffff', 4, '15.05883160', '-90.24375920'),
(38, 'Wucun', 12, 'China', '2018-07-18', 7, 'transition collaborative bandwidth', 1116, 'http://dummyimage.com/102x140.jpg/dddddd/000000', 3, '30.59284900', '114.30553900'),
(39, 'Jagong', 2, 'Indonesia', '2020-04-06', 22, 'seize sexy channels', 9724, 'http://dummyimage.com/173x219.jpg/cc0000/ffffff', 2, '-7.05119490', '111.25171270'),
(40, 'Greenville', 35, 'Liberia', '2019-07-02', 43, 'scale visionary ROI', 4792, 'http://dummyimage.com/153x147.bmp/dddddd/000000', 3, '5.01536770', '-9.03776120'),
(41, 'Pallisa', 3, 'Uganda', '2019-01-25', 58, 'incubate sexy e-markets', 2120, 'http://dummyimage.com/180x120.bmp/dddddd/000000', 1, '1.17069660', '33.70985690'),
(42, 'Johanneshov', 20, 'Sweden', '2019-11-07', 29, 'grow innovative action-items', 1180, 'http://dummyimage.com/182x128.png/dddddd/000000', 3, '59.29925080', '18.08074170'),
(43, 'Valença do Piauí', 25, 'Brazil', '2020-04-28', 10, 'mesh world-class metrics', 5333, 'http://dummyimage.com/179x215.png/cc0000/ffffff', 1, '-6.37838470', '-41.80044090'),
(44, 'Wengaingo', 35, 'Indonesia', '2019-07-09', 27, 'embrace user-centric vortals', 7160, 'http://dummyimage.com/188x242.jpg/5fa2dd/ffffff', 1, '-9.73270000', '119.34560000'),
(45, 'Kramfors', 13, 'Sweden', '2018-05-29', 22, 'repurpose robust content', 5192, 'http://dummyimage.com/206x107.bmp/5fa2dd/ffffff', 4, '63.00979720', '18.18645470'),
(46, 'Salavat', 22, 'Russia', '2018-08-11', 33, 'transition vertical deliverables', 3523, 'http://dummyimage.com/208x103.bmp/5fa2dd/ffffff', 4, '53.36241340', '55.93811360'),
(47, 'Huanglong', 26, 'China', '2018-12-11', 47, 'matrix B2B solutions', 8402, 'http://dummyimage.com/101x145.bmp/5fa2dd/ffffff', 3, '32.74874100', '103.82319000'),
(48, 'B?ezová', 18, 'Czech Republic', '2018-05-10', 1, 'deploy magnetic synergies', 473, 'http://dummyimage.com/206x123.bmp/dddddd/000000', 2, '49.79494500', '17.86527300'),
(49, 'Garang', 9, 'China', '2019-06-21', 44, 'innovate enterprise e-services', 6664, 'http://dummyimage.com/165x211.bmp/dddddd/000000', 3, '31.93245600', '98.42516800'),
(50, 'Kalepasan', 26, 'Indonesia', '2018-06-29', 48, 'benchmark virtual experiences', 7050, 'http://dummyimage.com/197x118.jpg/dddddd/000000', 3, '-6.26000000', '106.07990000'),
(51, 'Muranovo', 14, 'Russia', '2019-07-27', 12, 'deliver efficient applications', 3600, 'http://dummyimage.com/111x219.png/dddddd/000000', 2, '56.17824900', '37.90273200'),
(52, 'Shangyu', 12, 'China', '2020-04-14', 30, 'incubate holistic supply-chains', 9541, 'http://dummyimage.com/107x207.jpg/ff4444/ffffff', 1, '30.03312000', '120.86812200'),
(53, 'Ureshino', 8, 'Japan', '2019-10-26', 43, 'engage distributed web-readiness', 6777, 'http://dummyimage.com/163x225.jpg/dddddd/000000', 1, '35.85595790', '139.52236190'),
(54, 'Jinchuan', 8, 'China', '2020-01-05', 18, 'productize frictionless web-readiness', 6596, 'http://dummyimage.com/236x124.png/cc0000/ffffff', 2, '38.52108500', '102.19408900'),
(55, 'Fengjia', 23, 'China', '2019-07-19', 10, 'enhance viral channels', 7974, 'http://dummyimage.com/158x129.bmp/5fa2dd/ffffff', 4, '27.79139300', '110.86412100'),
(56, 'Itabuna', 30, 'Brazil', '2020-06-28', 13, 'redefine killer systems', 4273, 'http://dummyimage.com/206x116.png/5fa2dd/ffffff', 4, '-14.79181490', '-39.28429300'),
(57, 'Washington', 32, 'United States', '2019-05-28', 53, 'whiteboard value-added niches', 8759, 'http://dummyimage.com/227x208.bmp/dddddd/000000', 3, '38.92738490', '-77.01254450'),
(58, 'Vrachnaíika', 6, 'Greece', '2019-01-05', 44, 'strategize customized convergence', 2618, 'http://dummyimage.com/239x168.bmp/ff4444/ffffff', 1, '38.16250930', '21.66822690'),
(59, 'Armação de Búzios', 28, 'Brazil', '2019-02-02', 56, 'facilitate enterprise platforms', 8320, 'http://dummyimage.com/187x188.jpg/dddddd/000000', 4, '-22.75639060', '-41.88904200'),
(60, 'Runjin', 26, 'China', '2020-06-14', 43, 'e-enable ubiquitous synergies', 3319, 'http://dummyimage.com/227x102.jpg/dddddd/000000', 4, '47.94923900', '126.27622600'),
(61, 'Cherskiy', 19, 'Russia', '2019-05-13', 55, 'drive bricks-and-clicks schemas', 1154, 'http://dummyimage.com/134x162.jpg/5fa2dd/ffffff', 1, '57.79773920', '28.34668340'),
(62, 'Boca Suno', 7, 'Ecuador', '2018-10-22', 14, 'leverage web-enabled supply-chains', 8465, 'http://dummyimage.com/191x168.jpg/5fa2dd/ffffff', 1, '-0.69832000', '-77.14083000'),
(63, 'Kalembutillu', 4, 'Indonesia', '2018-10-16', 9, 'aggregate end-to-end deliverables', 4462, 'http://dummyimage.com/184x194.png/ff4444/ffffff', 3, '-9.56355800', '119.24725270'),
(64, 'Kalvola', 4, 'Finland', '2020-01-09', 1, 'optimize frictionless architectures', 461, 'http://dummyimage.com/213x246.bmp/ff4444/ffffff', 1, '61.06004250', '24.20719410'),
(65, 'Kedungtulup', 31, 'Indonesia', '2018-11-17', 36, 'incubate clicks-and-mortar e-tailers', 6793, 'http://dummyimage.com/165x188.jpg/cc0000/ffffff', 1, '-6.81800480', '111.26959810'),
(66, 'Bartniczka', 8, 'Poland', '2019-07-09', 8, 'maximize distributed communities', 6459, 'http://dummyimage.com/208x103.jpg/cc0000/ffffff', 2, '53.25152190', '19.61357930'),
(67, 'Nkhotakota', 2, 'Malawi', '2020-06-12', 21, 'deploy wireless platforms', 1933, 'http://dummyimage.com/175x207.png/5fa2dd/ffffff', 3, '-12.93168630', '34.28105410'),
(68, 'Ciénaga de Oro', 33, 'Colombia', '2018-07-11', 49, 'unleash viral e-tailers', 6619, 'http://dummyimage.com/214x108.jpg/ff4444/ffffff', 4, '8.81050880', '-75.63244700'),
(69, 'Al ‘Alamayn', 2, 'Egypt', '2020-03-10', 21, 'reinvent cutting-edge paradigms', 1908, 'http://dummyimage.com/217x249.jpg/ff4444/ffffff', 1, '30.82247000', '28.95430900'),
(70, 'Örebro', 14, 'Sweden', '2018-09-03', 52, 'maximize bricks-and-clicks content', 3379, 'http://dummyimage.com/125x153.jpg/cc0000/ffffff', 2, '59.26486460', '15.22891080'),
(71, 'Los Juríes', 4, 'Argentina', '2019-09-02', 40, 'incubate sexy metrics', 8535, 'http://dummyimage.com/212x112.png/cc0000/ffffff', 3, '-27.76687330', '-64.24155540'),
(72, 'Santa Cruz de El Seibo', 35, 'Dominican Republic', '2019-08-22', 51, 'generate real-time communities', 3219, 'http://dummyimage.com/207x227.bmp/5fa2dd/ffffff', 4, '18.75977770', '-69.03621840'),
(73, 'Bintang', 25, 'Indonesia', '2018-09-06', 10, 'leverage back-end bandwidth', 7619, 'http://dummyimage.com/157x189.bmp/cc0000/ffffff', 4, '4.54751540', '97.15747840'),
(74, 'Kokkini Trimithia', 2, 'Cyprus', '2020-01-30', 60, 'harness killer channels', 2025, 'http://dummyimage.com/165x181.png/ff4444/ffffff', 1, '35.15290420', '33.21104140'),
(75, 'Cametá', 21, 'Brazil', '2018-10-27', 24, 'productize virtual technologies', 4581, 'http://dummyimage.com/248x103.bmp/5fa2dd/ffffff', 2, '-2.24148920', '-49.49848040'),
(76, 'Haeju', 17, 'North Korea', '2019-01-02', 58, 'mesh efficient users', 6277, 'http://dummyimage.com/123x215.png/ff4444/ffffff', 4, '38.03750210', '125.70792310'),
(77, 'Barguzin', 24, 'Russia', '2020-01-18', 14, 'whiteboard B2C convergence', 8138, 'http://dummyimage.com/241x145.jpg/dddddd/000000', 1, '53.61792450', '109.63962620'),
(78, 'San Pedro', 27, 'Philippines', '2020-04-15', 15, 'repurpose innovative ROI', 943, 'http://dummyimage.com/109x224.png/cc0000/ffffff', 4, '14.36796570', '121.05045350'),
(79, 'Libi??', 24, 'Poland', '2020-04-08', 46, 'unleash bricks-and-clicks functionalities', 2051, 'http://dummyimage.com/180x220.bmp/ff4444/ffffff', 2, '50.08276670', '19.35280690'),
(80, 'Riangblolong', 23, 'Indonesia', '2018-09-05', 60, 'leverage intuitive metrics', 5875, 'http://dummyimage.com/221x161.bmp/5fa2dd/ffffff', 4, '-8.31400000', '123.25200000'),
(81, 'Haykashen', 19, 'Armenia', '2019-10-25', 48, 'deploy value-added e-commerce', 7136, 'http://dummyimage.com/194x135.jpg/ff4444/ffffff', 2, '40.07253480', '44.30513130'),
(82, 'Tall a? ?am?n', 19, 'Syria', '2018-12-22', 18, 'facilitate dynamic e-tailers', 3122, 'http://dummyimage.com/193x182.png/dddddd/000000', 2, '35.80821770', '37.25306860'),
(83, 'Adelaide', 14, 'South Africa', '2018-09-21', 59, 'orchestrate 24/365 deliverables', 8936, 'http://dummyimage.com/141x193.jpg/dddddd/000000', 1, '-32.70714540', '26.29523850'),
(84, 'Los Angeles', 4, 'United States', '2019-09-10', 44, 'iterate cutting-edge infrastructures', 6577, 'http://dummyimage.com/166x170.bmp/dddddd/000000', 2, '34.06254480', '-118.30893410'),
(85, 'Criciúma', 29, 'Brazil', '2019-03-20', 33, 'monetize leading-edge solutions', 4179, 'http://dummyimage.com/229x193.jpg/dddddd/000000', 3, '-28.67277020', '-49.37337710'),
(86, 'Pangao', 33, 'Philippines', '2019-09-12', 21, 'productize user-centric web-readiness', 2105, 'http://dummyimage.com/246x209.bmp/5fa2dd/ffffff', 3, '13.82338570', '121.14237520'),
(87, 'Palalang', 34, 'Indonesia', '2019-11-07', 17, 'recontextualize B2C systems', 9342, 'http://dummyimage.com/209x162.jpg/ff4444/ffffff', 3, '-7.02503440', '113.57582610'),
(88, 'Teuva', 24, 'Finland', '2019-10-05', 2, 'redefine out-of-the-box action-items', 4573, 'http://dummyimage.com/199x196.jpg/ff4444/ffffff', 4, '62.42325120', '21.47441250'),
(89, 'Golem', 5, 'Albania', '2020-01-31', 57, 'orchestrate clicks-and-mortar e-markets', 7045, 'http://dummyimage.com/119x121.png/ff4444/ffffff', 1, '41.23115570', '19.54490780'),
(90, 'Tekikbanyuurip', 13, 'Indonesia', '2019-09-04', 26, 'grow end-to-end synergies', 2646, 'http://dummyimage.com/138x244.jpg/cc0000/ffffff', 3, '-8.22190000', '111.95070000'),
(91, 'Kuluran', 23, 'Indonesia', '2018-08-22', 27, 'facilitate dot-com e-markets', 4030, 'http://dummyimage.com/176x217.bmp/5fa2dd/ffffff', 2, '-6.99969520', '112.41424530'),
(92, 'Željezno Polje', 11, 'Bosnia and Herzegovina', '2019-12-16', 41, 'e-enable real-time experiences', 7082, 'http://dummyimage.com/132x222.png/cc0000/ffffff', 2, '44.39832110', '17.94062500'),
(93, 'Barmash', 12, 'Albania', '2018-11-17', 31, 'drive mission-critical experiences', 1522, 'http://dummyimage.com/216x190.png/cc0000/ffffff', 1, '40.27792270', '20.62061670'),
(94, 'La Reforma', 14, 'Guatemala', '2019-07-29', 53, 'facilitate clicks-and-mortar deliverables', 7254, 'http://dummyimage.com/157x108.jpg/dddddd/000000', 1, '14.60508980', '-90.51584380'),
(95, 'Tsagaan-Ovoo', 1, 'Mongolia', '2019-03-05', 56, 'integrate robust e-commerce', 8132, 'http://dummyimage.com/230x216.png/ff4444/ffffff', 4, '48.56869750', '113.23443260'),
(96, 'Kiten', 31, 'Bulgaria', '2018-12-10', 30, 'expedite scalable partnerships', 4957, 'http://dummyimage.com/173x140.bmp/ff4444/ffffff', 2, '42.23427350', '27.77020530'),
(97, 'Machagai', 26, 'Argentina', '2018-08-21', 36, 'enhance sticky convergence', 7016, 'http://dummyimage.com/162x105.bmp/dddddd/000000', 4, '-26.92721070', '-60.04852060'),
(98, 'Corquín', 25, 'Honduras', '2019-05-04', 30, 'scale real-time solutions', 6173, 'http://dummyimage.com/143x148.bmp/5fa2dd/ffffff', 2, '14.56863840', '-88.86949510'),
(99, 'Huangcun', 1, 'China', '2020-07-05', 56, 'productize back-end partnerships', 4029, 'http://dummyimage.com/205x239.jpg/5fa2dd/ffffff', 3, '23.13179700', '113.40714300'),
(100, 'Wangying', 4, 'China', '2019-06-28', 33, 'iterate compelling eyeballs', 2203, 'http://dummyimage.com/107x119.bmp/dddddd/000000', 2, '30.26532700', '108.70523700'),
(101, 'Podgórzyn', 12, 'Poland', '2018-07-02', 20, 'visualize rich metrics', 7978, 'http://dummyimage.com/230x161.bmp/ff4444/ffffff', 1, '50.82901370', '15.67419310'),
(102, 'Zaozhuang', 11, 'China', '2018-09-10', 42, 'enable leading-edge content', 5791, 'http://dummyimage.com/190x183.png/ff4444/ffffff', 2, '34.81048700', '117.32372500'),
(103, 'Bamiantong', 25, 'China', '2020-01-25', 3, 'iterate ubiquitous markets', 3934, 'http://dummyimage.com/228x160.bmp/ff4444/ffffff', 2, '44.54362590', '129.63738970'),
(104, 'Jialu', 7, 'China', '2019-08-02', 13, 'optimize granular metrics', 774, 'http://dummyimage.com/191x214.bmp/cc0000/ffffff', 4, '47.16665070', '8.28942050'),
(105, 'Yaogu', 3, 'China', '2020-06-23', 23, 'engage enterprise markets', 5306, 'http://dummyimage.com/135x108.png/cc0000/ffffff', 1, '22.87941900', '112.29296700'),
(106, 'General Conesa', 10, 'Argentina', '2018-08-19', 29, 'extend frictionless markets', 4215, 'http://dummyimage.com/189x237.jpg/dddddd/000000', 4, '-34.65046770', '-58.56134390'),
(107, 'Thung Song', 4, 'Thailand', '2020-06-07', 33, 'redefine scalable portals', 8968, 'http://dummyimage.com/194x214.png/ff4444/ffffff', 1, '8.16423010', '99.67567940'),
(108, 'Xinshan', 2, 'China', '2020-02-28', 56, 'envisioneer extensible models', 6659, 'http://dummyimage.com/125x183.png/cc0000/ffffff', 1, '30.74199100', '121.34196900'),
(109, 'Manquiring', 9, 'Philippines', '2020-06-20', 46, 'utilize B2C solutions', 6837, 'http://dummyimage.com/189x200.jpg/cc0000/ffffff', 4, '13.73410000', '123.26900000'),
(110, 'Jietou', 23, 'China', '2019-10-31', 23, 'transition global bandwidth', 8815, 'http://dummyimage.com/215x167.png/dddddd/000000', 3, '39.16016300', '117.20191700'),
(111, 'Sobreira', 5, 'Portugal', '2020-01-27', 5, 'mesh integrated e-commerce', 4512, 'http://dummyimage.com/185x179.bmp/5fa2dd/ffffff', 2, '42.12526350', '-8.19881960'),
(112, 'Maoping', 5, 'China', '2019-05-13', 19, 'revolutionize intuitive e-tailers', 1308, 'http://dummyimage.com/152x113.png/cc0000/ffffff', 4, '30.82305400', '110.97325200'),
(113, 'Pemba', 28, 'Mozambique', '2020-05-13', 22, 'enable killer eyeballs', 4586, 'http://dummyimage.com/210x171.bmp/5fa2dd/ffffff', 1, '-12.97320260', '40.51780140'),
(114, 'Sujji', 7, 'Mongolia', '2018-10-21', 13, 'facilitate interactive ROI', 2875, 'http://dummyimage.com/236x186.jpg/cc0000/ffffff', 4, '48.31666700', '106.25000000'),
(115, 'Loma Bonita', 15, 'Mexico', '2020-04-12', 40, 'deliver cross-media vortals', 3427, 'http://dummyimage.com/237x187.bmp/ff4444/ffffff', 1, '18.10968680', '-95.88038690'),
(116, 'Bor', 26, 'Serbia', '2018-12-27', 45, 'incentivize granular supply-chains', 822, 'http://dummyimage.com/109x149.png/cc0000/ffffff', 4, '44.06989180', '22.09850860'),
(117, 'Wilków', 31, 'Poland', '2018-10-08', 60, 'morph cutting-edge markets', 4505, 'http://dummyimage.com/105x242.bmp/dddddd/000000', 2, '51.11461130', '17.64981700'),
(118, 'La Unión', 23, 'El Salvador', '2020-04-09', 3, 'revolutionize killer supply-chains', 9408, 'http://dummyimage.com/195x135.bmp/dddddd/000000', 1, '13.33234640', '-87.85006440'),
(119, 'Gandi', 23, 'Nigeria', '2018-08-02', 51, 'generate 24/7 e-markets', 6723, 'http://dummyimage.com/153x175.png/dddddd/000000', 3, '12.96534030', '5.74183050'),
(120, 'Raydah', 5, 'Yemen', '2020-01-15', 50, 'streamline end-to-end communities', 1490, 'http://dummyimage.com/114x143.jpg/5fa2dd/ffffff', 3, '15.81610320', '44.04133500'),
(121, 'Parral', 20, 'Chile', '2018-10-13', 39, 'generate B2B functionalities', 1640, 'http://dummyimage.com/208x158.png/cc0000/ffffff', 3, '-36.14064840', '-71.82275280'),
(122, 'Kvasice', 16, 'Czech Republic', '2020-04-29', 59, 'grow viral content', 7517, 'http://dummyimage.com/103x205.png/cc0000/ffffff', 1, '49.24222440', '17.46975270'),
(123, 'Spodnja Hajdina', 32, 'Slovenia', '2018-08-22', 6, 'optimize virtual content', 6839, 'http://dummyimage.com/175x186.jpg/cc0000/ffffff', 2, '46.39893780', '15.81762880'),
(124, 'Gujiadian', 15, 'China', '2019-05-08', 19, 'streamline sticky infrastructures', 4677, 'http://dummyimage.com/219x160.jpg/ff4444/ffffff', 3, '30.33520000', '111.56600800'),
(125, 'Agadez', 6, 'Niger', '2020-06-10', 18, 'mesh leading-edge e-markets', 556, 'http://dummyimage.com/121x217.bmp/dddddd/000000', 4, '16.97416890', '7.98653500'),
(126, 'Okinawa', 17, 'Japan', '2019-12-21', 49, 'morph frictionless infrastructures', 7613, 'http://dummyimage.com/172x111.png/ff4444/ffffff', 3, '26.34483410', '127.83398400'),
(127, 'Sukhobezvodnoye', 7, 'Russia', '2019-05-20', 38, 'whiteboard collaborative technologies', 7515, 'http://dummyimage.com/163x126.png/cc0000/ffffff', 1, '57.04739290', '44.89809840'),
(128, 'Bang Pahan', 20, 'Thailand', '2020-05-17', 30, 'unleash out-of-the-box synergies', 3201, 'http://dummyimage.com/206x149.bmp/5fa2dd/ffffff', 4, '14.46126460', '100.55774070'),
(129, 'Tokoname', 31, 'Japan', '2020-05-20', 46, 'empower real-time deliverables', 4372, 'http://dummyimage.com/198x103.bmp/5fa2dd/ffffff', 4, '34.88388240', '136.87040800'),
(130, 'Arroyito', 25, 'Argentina', '2018-09-11', 22, 'optimize next-generation users', 2661, 'http://dummyimage.com/153x140.bmp/dddddd/000000', 1, '-34.78495170', '-58.38486480'),
(131, 'Terangun', 8, 'Indonesia', '2020-04-15', 23, 'grow killer niches', 7649, 'http://dummyimage.com/203x174.png/dddddd/000000', 4, '3.99905450', '96.96386240'),
(132, 'Masaran', 31, 'Indonesia', '2018-09-01', 40, 'productize proactive systems', 5304, 'http://dummyimage.com/180x203.bmp/dddddd/000000', 3, '-7.47038720', '110.93874180'),
(133, 'Abelheira', 22, 'Portugal', '2019-06-10', 45, 'syndicate ubiquitous methodologies', 5326, 'http://dummyimage.com/128x125.png/5fa2dd/ffffff', 1, '41.33453740', '-8.53408950'),
(134, 'Paris 12', 16, 'France', '2018-08-11', 57, 'syndicate interactive channels', 1272, 'http://dummyimage.com/243x156.bmp/cc0000/ffffff', 2, '43.49457370', '5.89780180'),
(135, 'Huata', 3, 'Peru', '2018-05-14', 42, 'mesh enterprise initiatives', 3810, 'http://dummyimage.com/187x150.png/dddddd/000000', 2, '-9.01665550', '-77.87245750'),
(136, 'Estância', 17, 'Brazil', '2019-05-13', 7, 'brand efficient functionalities', 6853, 'http://dummyimage.com/149x215.bmp/5fa2dd/ffffff', 4, '-11.26866100', '-37.43854000'),
(137, 'Sukowono', 9, 'Indonesia', '2019-06-10', 34, 'envisioneer end-to-end action-items', 6688, 'http://dummyimage.com/179x247.bmp/ff4444/ffffff', 1, '-8.06347710', '113.82277920'),
(138, 'Bancal', 16, 'Philippines', '2019-08-15', 23, 'innovate seamless eyeballs', 7189, 'http://dummyimage.com/178x240.png/dddddd/000000', 4, '15.30980030', '119.99949080'),
(139, 'Chugay', 6, 'Peru', '2019-05-22', 28, 'reintermediate cross-media content', 7832, 'http://dummyimage.com/179x218.bmp/5fa2dd/ffffff', 3, '-7.78175340', '-77.86888510'),
(140, 'Targuist', 11, 'Morocco', '2019-08-14', 30, 'iterate next-generation supply-chains', 9768, 'http://dummyimage.com/191x119.bmp/5fa2dd/ffffff', 3, '34.94322030', '-4.31285490'),
(141, 'Strasbourg', 13, 'France', '2018-05-19', 31, 'leverage visionary e-services', 4192, 'http://dummyimage.com/232x159.png/ff4444/ffffff', 3, '48.58518760', '7.73429430'),
(142, 'Njeru', 4, 'Uganda', '2019-09-12', 2, 'optimize value-added e-business', 2275, 'http://dummyimage.com/156x207.png/5fa2dd/ffffff', 4, '0.42636790', '33.14921060'),
(143, 'Serang', 34, 'Indonesia', '2018-05-03', 3, 'unleash leading-edge markets', 7109, 'http://dummyimage.com/100x161.png/dddddd/000000', 2, '-6.11036610', '106.16397490'),
(144, 'Santa María del Real', 18, 'Honduras', '2019-12-05', 24, 'brand integrated infrastructures', 9406, 'http://dummyimage.com/119x140.jpg/5fa2dd/ffffff', 1, '14.82428500', '-85.93300980'),
(145, 'São Silvestre', 1, 'Portugal', '2018-08-21', 8, 'deploy magnetic systems', 6396, 'http://dummyimage.com/194x207.png/cc0000/ffffff', 3, '40.22335150', '-8.53365250'),
(146, 'Losari', 14, 'Indonesia', '2018-07-17', 9, 'exploit efficient relationships', 2260, 'http://dummyimage.com/149x142.jpg/dddddd/000000', 3, '-5.14633540', '119.41067680'),
(147, 'Cuilco', 21, 'Guatemala', '2018-07-09', 42, 'envisioneer extensible experiences', 9051, 'http://dummyimage.com/155x186.bmp/cc0000/ffffff', 3, '15.45660440', '-91.88087630'),
(148, 'Promyshlennovskiy', 34, 'Russia', '2019-10-24', 51, 'exploit B2C schemas', 4158, 'http://dummyimage.com/103x213.png/dddddd/000000', 1, '55.50992170', '86.15213850'),
(149, '?ông Thành', 17, 'Vietnam', '2019-12-02', 30, 'productize bleeding-edge communities', 2087, 'http://dummyimage.com/107x119.bmp/ff4444/ffffff', 4, '20.26395670', '105.97534520'),
(150, 'Anchau', 18, 'Nigeria', '2019-06-29', 56, 'reinvent robust networks', 2338, 'http://dummyimage.com/238x111.png/cc0000/ffffff', 2, '10.96387070', '8.39375320'),
(151, 'Lide?ko', 23, 'Czech Republic', '2018-05-30', 59, 'utilize out-of-the-box mindshare', 8708, 'http://dummyimage.com/247x225.bmp/ff4444/ffffff', 1, '49.20303000', '18.05131100'),
(152, 'Yelat’ma', 13, 'Russia', '2019-02-16', 50, 'empower interactive supply-chains', 4178, 'http://dummyimage.com/179x114.bmp/5fa2dd/ffffff', 1, '54.96750000', '41.75083000'),
(153, 'Bakungan', 6, 'Indonesia', '2020-04-09', 45, 'optimize scalable partnerships', 6221, 'http://dummyimage.com/250x213.bmp/cc0000/ffffff', 1, '-8.20000000', '114.50000000'),
(154, 'Xagqu', 12, 'China', '2019-08-04', 34, 'morph web-enabled solutions', 730, 'http://dummyimage.com/221x110.bmp/5fa2dd/ffffff', 2, '31.80113600', '92.82909500'),
(155, 'Besko', 4, 'Poland', '2019-03-22', 27, 'envisioneer integrated e-commerce', 7142, 'http://dummyimage.com/190x153.bmp/dddddd/000000', 4, '49.57920670', '21.94875890'),
(156, 'Nepomuceno', 27, 'Brazil', '2019-02-12', 53, 'repurpose plug-and-play e-services', 5200, 'http://dummyimage.com/103x223.bmp/dddddd/000000', 2, '-21.23356520', '-45.23254760'),
(157, 'Urambo', 25, 'Tanzania', '2020-02-10', 30, 'reintermediate robust relationships', 4249, 'http://dummyimage.com/206x249.jpg/5fa2dd/ffffff', 1, '-5.07767950', '32.06954060'),
(158, 'Kurashiki', 8, 'Japan', '2018-05-21', 38, 'extend virtual methodologies', 6815, 'http://dummyimage.com/174x197.bmp/cc0000/ffffff', 1, '26.38413580', '127.80482900'),
(159, 'Ruilin', 25, 'China', '2019-11-28', 43, 'empower 24/7 systems', 3638, 'http://dummyimage.com/115x205.bmp/5fa2dd/ffffff', 3, '24.01280800', '97.85193000'),
(160, 'Frampol', 24, 'Poland', '2020-04-28', 29, 'scale cross-media functionalities', 5237, 'http://dummyimage.com/209x168.jpg/dddddd/000000', 1, '50.67154650', '22.67065180'),
(161, 'Panawuan', 21, 'Indonesia', '2020-03-23', 17, 'transition viral web services', 8305, 'http://dummyimage.com/177x122.png/5fa2dd/ffffff', 1, '-6.88067150', '108.50179480'),
(162, 'Lyon', 9, 'France', '2019-10-05', 31, 'orchestrate cross-media applications', 8124, 'http://dummyimage.com/148x173.png/dddddd/000000', 1, '45.74174860', '4.88678990'),
(163, 'Toledo', 20, 'Spain', '2019-08-22', 36, 'harness compelling communities', 1126, 'http://dummyimage.com/173x115.jpg/dddddd/000000', 1, '39.87336300', '-4.04140050'),
(164, 'Panglanjan', 34, 'Indonesia', '2018-09-15', 15, 'incubate seamless interfaces', 7020, 'http://dummyimage.com/250x141.bmp/cc0000/ffffff', 1, '-7.49836150', '108.58706070'),
(165, 'Tapon', 26, 'Philippines', '2019-02-05', 12, 'disintermediate B2B technologies', 2006, 'http://dummyimage.com/152x218.bmp/cc0000/ffffff', 4, '10.06204940', '123.44442400'),
(166, 'Nangka', 15, 'Indonesia', '2019-02-07', 29, 'facilitate scalable deliverables', 5154, 'http://dummyimage.com/192x131.jpg/5fa2dd/ffffff', 4, '3.61961250', '98.50894550'),
(167, 'Tash-Kumyr', 3, 'Kyrgyzstan', '2018-07-22', 26, 'streamline frictionless technologies', 2087, 'http://dummyimage.com/243x165.png/dddddd/000000', 3, '41.33737380', '72.21861280'),
(168, 'Kontagora', 27, 'Nigeria', '2020-06-13', 33, 'integrate visionary infrastructures', 6821, 'http://dummyimage.com/133x141.jpg/cc0000/ffffff', 3, '10.40714600', '5.46991730'),
(169, 'Dongying', 9, 'China', '2018-12-22', 40, 'reinvent compelling paradigms', 8983, 'http://dummyimage.com/196x108.png/5fa2dd/ffffff', 4, '37.43396300', '118.67461400'),
(170, 'Sorong', 5, 'Indonesia', '2018-08-27', 27, 'unleash real-time mindshare', 8659, 'http://dummyimage.com/210x132.jpg/cc0000/ffffff', 1, '-0.87616290', '131.25582800'),
(171, 'Pancanagara', 34, 'Indonesia', '2018-08-05', 40, 'synergize intuitive synergies', 4487, 'http://dummyimage.com/124x215.jpg/dddddd/000000', 4, '-6.19190000', '106.08770000'),
(172, 'Olesno', 17, 'Poland', '2019-12-12', 47, 'envisioneer cross-platform e-tailers', 7076, 'http://dummyimage.com/149x158.png/cc0000/ffffff', 2, '50.87526000', '18.41472000'),
(173, 'Batanovtsi', 15, 'Bulgaria', '2018-05-10', 23, 'embrace sexy users', 3760, 'http://dummyimage.com/204x104.png/5fa2dd/ffffff', 2, '42.64481550', '22.96154420'),
(174, 'Porto Martins', 23, 'Portugal', '2019-03-15', 14, 'optimize leading-edge ROI', 2330, 'http://dummyimage.com/193x133.jpg/ff4444/ffffff', 4, '38.69436500', '-27.06675700'),
(175, 'Bia?a Piska', 17, 'Poland', '2019-06-18', 52, 'unleash killer relationships', 4336, 'http://dummyimage.com/128x137.png/ff4444/ffffff', 1, '53.61150000', '22.06311000'),
(176, 'Shisandaogou', 15, 'China', '2020-02-23', 50, 'productize rich channels', 2048, 'http://dummyimage.com/121x141.bmp/5fa2dd/ffffff', 1, '41.37832800', '126.29477410'),
(177, 'Triolet', 4, 'Mauritius', '2019-12-23', 29, 'engage synergistic interfaces', 6834, 'http://dummyimage.com/225x154.bmp/dddddd/000000', 3, '-20.05836960', '57.55044530'),
(178, 'Sibreh', 13, 'Indonesia', '2018-12-25', 41, 'evolve value-added bandwidth', 8095, 'http://dummyimage.com/246x132.bmp/dddddd/000000', 3, '5.46023210', '95.39002880'),
(179, 'Luokeng', 8, 'China', '2020-06-13', 1, 'embrace B2B e-business', 7368, 'http://dummyimage.com/164x113.png/dddddd/000000', 2, '30.38361700', '109.70251400'),
(180, 'Vila Maior', 9, 'Portugal', '2020-04-27', 8, 'transition cross-platform networks', 1198, 'http://dummyimage.com/121x201.jpg/5fa2dd/ffffff', 2, '41.00628320', '-8.48229720'),
(181, 'Qiaotou', 33, 'China', '2020-06-26', 3, 'leverage proactive synergies', 9238, 'http://dummyimage.com/117x135.bmp/ff4444/ffffff', 3, '28.16840800', '120.48219800'),
(182, 'Chengzhong', 35, 'China', '2020-02-03', 9, 'recontextualize plug-and-play eyeballs', 5612, 'http://dummyimage.com/243x247.png/ff4444/ffffff', 2, '24.31549900', '109.41068300'),
(183, 'Iwonicz-Zdrój', 27, 'Poland', '2019-07-25', 33, 'transform real-time deliverables', 8047, 'http://dummyimage.com/144x105.jpg/5fa2dd/ffffff', 3, '49.56312350', '21.78993880'),
(184, 'Ban Talat Yai', 33, 'Thailand', '2018-11-08', 53, 'grow extensible relationships', 6317, 'http://dummyimage.com/213x248.png/ff4444/ffffff', 1, '7.91227440', '98.34597260'),
(185, 'San Manuel Chaparrón', 14, 'Guatemala', '2019-08-09', 27, 'seize 24/365 schemas', 3020, 'http://dummyimage.com/250x217.png/5fa2dd/ffffff', 2, '14.51667000', '-89.76667000'),
(186, 'Jiangshan', 8, 'China', '2018-08-20', 3, 'leverage real-time action-items', 1231, 'http://dummyimage.com/181x189.png/5fa2dd/ffffff', 3, '28.73733000', '118.62699100'),
(187, 'Buang', 19, 'Philippines', '2019-05-10', 8, 'matrix enterprise channels', 6842, 'http://dummyimage.com/154x104.bmp/5fa2dd/ffffff', 4, '13.30230130', '123.63742080'),
(188, 'Las Flores', 27, 'Mexico', '2018-08-06', 28, 'visualize interactive systems', 2022, 'http://dummyimage.com/147x119.bmp/cc0000/ffffff', 1, '20.12351800', '-101.18332670'),
(189, 'Futian', 17, 'China', '2020-06-26', 49, 'integrate granular deliverables', 8923, 'http://dummyimage.com/194x137.jpg/cc0000/ffffff', 2, '22.52152300', '114.05502300'),
(190, 'Novokhovrino', 27, 'Russia', '2018-10-18', 49, 'aggregate global relationships', 994, 'http://dummyimage.com/107x124.png/ff4444/ffffff', 1, '55.86667000', '37.50000000'),
(191, 'Mirontsi', 23, 'Comoros', '2019-07-01', 42, 'aggregate seamless web-readiness', 3503, 'http://dummyimage.com/165x126.jpg/cc0000/ffffff', 1, '-12.15793550', '44.41463740'),
(192, 'Sidi Moussa', 20, 'Morocco', '2018-07-30', 21, 'mesh enterprise systems', 6875, 'http://dummyimage.com/107x199.jpg/ff4444/ffffff', 1, '31.51598230', '-9.07438760'),
(193, 'Guadalupe', 29, 'Mexico', '2018-10-20', 23, 'mesh e-business infrastructures', 6115, 'http://dummyimage.com/190x137.png/ff4444/ffffff', 2, '25.67755950', '-100.25969350'),
(194, 'Ningzhong', 25, 'China', '2020-05-17', 22, 'deliver collaborative ROI', 9384, 'http://dummyimage.com/249x249.jpg/5fa2dd/ffffff', 4, '24.15431600', '115.74375300'),
(195, 'Beruniy', 3, 'Uzbekistan', '2018-11-05', 32, 'strategize interactive web services', 3439, 'http://dummyimage.com/108x166.jpg/5fa2dd/ffffff', 4, '41.67516330', '60.75981730'),
(196, 'Jiannan', 26, 'China', '2019-10-19', 51, 'enhance distributed e-commerce', 1326, 'http://dummyimage.com/209x155.bmp/ff4444/ffffff', 4, '22.78163100', '108.27315800'),
(197, 'São Gabriel', 19, 'Brazil', '2019-08-31', 38, 'disintermediate turn-key niches', 6072, 'http://dummyimage.com/153x212.jpg/dddddd/000000', 1, '-30.29150420', '-54.52180740'),
(198, 'Contramaestre', 10, 'Cuba', '2019-07-19', 50, 'engineer revolutionary web services', 9889, 'http://dummyimage.com/151x105.jpg/ff4444/ffffff', 1, '20.30059790', '-76.24211850'),
(199, 'Kochenëvo', 24, 'Russia', '2019-04-25', 32, 'generate distributed content', 5434, 'http://dummyimage.com/244x249.jpg/ff4444/ffffff', 3, '55.02180000', '82.20200000'),
(200, 'Bor', 26, 'South Sudan', '2019-05-24', 37, 'deploy e-business infomediaries', 7244, 'http://dummyimage.com/123x239.bmp/ff4444/ffffff', 3, '6.21326630', '31.56554240'),
(201, 'Madina Hotel', 12, 'Pakistan', '2018-04-27', 12, 'Great adventure in Asia.', 2000, NULL, 3, '25.00666500', '67.35918400');

-- --------------------------------------------------------

--
-- Table structure for table `users`
--

CREATE TABLE `users` (
  `id` int(11) NOT NULL,
  `username` varchar(50) NOT NULL,
  `email` varchar(50) NOT NULL,
  `password` varchar(50) NOT NULL,
  `trn_date` datetime NOT NULL,
  `passnomd5` varchar(50) NOT NULL
) ENGINE=InnoDB DEFAULT CHARSET=latin1;

--
-- Dumping data for table `users`
--

INSERT INTO `users` (`id`, `username`, `email`, `password`, `trn_date`, `passnomd5`) VALUES
(1, 'admin', '3ee@wp.pl', '21232f297a57a5a743894a0e4a801fc3', '2018-03-24 18:35:15', ''),
(2, 'kreytn', 'oi@po', '9743a66f914cc249efca164485a19c5c', '2018-03-24 18:38:11', ''),
(3, 'huj', 'huj@l', 'be0ab0efe9c1ad7293c1ed1355cf1ecf', '2018-03-24 18:39:45', ''),
(4, 'elvis', 'elvis@o2.pl', 'elvis', '0000-00-00 00:00:00', ''),
(5, 'hans', 'j23@o2.pl', 'kloss', '0000-00-00 00:00:00', 'kloss'),
(6, 'dupa', 'dupa@o2.pl', 'cffe312d835e6d360b9dbaecff06e4d9', '2018-03-26 06:16:30', ''),
(7, 'siurek', 'as@lk.lo', 'ee56bc52a06ace18ac2157489162c613', '2018-03-26 11:12:29', ''),
(0, 'dupek', 'dupek@dup.ek', '4f95a123485a942b6101355c7445887c', '2018-04-14 02:10:41', '');

--
-- Indexes for dumped tables
--

--
-- Indexes for table `bookings`
--
ALTER TABLE `bookings`
  ADD PRIMARY KEY (`BookingID`),
  ADD KEY `CustomerId` (`CustomerId`);

--
-- Indexes for table `categories`
--
ALTER TABLE `categories`
  ADD PRIMARY KEY (`CategoryId`),
  ADD UNIQUE KEY `fg` (`CategoryId`),
  ADD KEY `CategoryId` (`CategoryId`);

--
-- Indexes for table `customers`
--
ALTER TABLE `customers`
  ADD PRIMARY KEY (`CustomerId`),
  ADD UNIQUE KEY `CustomerEmail` (`CustomerEmail`),
  ADD KEY `CustomerEmail_2` (`CustomerEmail`);

--
-- Indexes for table `messages`
--
ALTER TABLE `messages`
  ADD PRIMARY KEY (`iddd`),
  ADD KEY `email` (`email`);

--
-- Indexes for table `orderline`
--
ALTER TABLE `orderline`
  ADD PRIMARY KEY (`BookingID`,`TourID`),
  ADD KEY `BookingID` (`BookingID`),
  ADD KEY `TourID` (`TourID`);

--
-- Indexes for table `tbl_order`
--
ALTER TABLE `tbl_order`
  ADD PRIMARY KEY (`order_id`);

--
-- Indexes for table `tbl_order_item`
--
ALTER TABLE `tbl_order_item`
  ADD PRIMARY KEY (`order_item_id`);

--
-- Indexes for table `tours`
--
ALTER TABLE `tours`
  ADD PRIMARY KEY (`TourID`),
  ADD KEY `CategoryId` (`CategoryId`);

--
-- AUTO_INCREMENT for dumped tables
--

--
-- AUTO_INCREMENT for table `bookings`
--
ALTER TABLE `bookings`
  MODIFY `BookingID` int(11) NOT NULL AUTO_INCREMENT, AUTO_INCREMENT=133;

--
-- AUTO_INCREMENT for table `categories`
--
ALTER TABLE `categories`
  MODIFY `CategoryId` int(11) NOT NULL AUTO_INCREMENT, AUTO_INCREMENT=5;

--
-- AUTO_INCREMENT for table `customers`
--
ALTER TABLE `customers`
  MODIFY `CustomerId` int(11) NOT NULL AUTO_INCREMENT, AUTO_INCREMENT=148;

--
-- AUTO_INCREMENT for table `messages`
--
ALTER TABLE `messages`
  MODIFY `iddd` int(11) NOT NULL AUTO_INCREMENT, AUTO_INCREMENT=8;

--
-- AUTO_INCREMENT for table `tbl_order`
--
ALTER TABLE `tbl_order`
  MODIFY `order_id` int(11) NOT NULL AUTO_INCREMENT, AUTO_INCREMENT=2;

--
-- AUTO_INCREMENT for table `tbl_order_item`
--
ALTER TABLE `tbl_order_item`
  MODIFY `order_item_id` int(11) NOT NULL AUTO_INCREMENT, AUTO_INCREMENT=2;

--
-- AUTO_INCREMENT for table `tours`
--
ALTER TABLE `tours`
  MODIFY `TourID` int(11) NOT NULL AUTO_INCREMENT, AUTO_INCREMENT=202;

--
-- Constraints for dumped tables
--

--
-- Constraints for table `bookings`
--
ALTER TABLE `bookings`
  ADD CONSTRAINT `bookings_ibfk_1` FOREIGN KEY (`CustomerId`) REFERENCES `customers` (`CustomerId`) ON DELETE CASCADE ON UPDATE CASCADE;

--
-- Constraints for table `orderline`
--
ALTER TABLE `orderline`
  ADD CONSTRAINT `orderline_ibfk_1` FOREIGN KEY (`TourID`) REFERENCES `tours` (`TourID`),
  ADD CONSTRAINT `orderline_ibfk_2` FOREIGN KEY (`BookingID`) REFERENCES `bookings` (`BookingID`);

--
-- Constraints for table `tours`
--
ALTER TABLE `tours`
  ADD CONSTRAINT `tours_ibfk_1` FOREIGN KEY (`CategoryId`) REFERENCES `categories` (`CategoryId`);
COMMIT;

/*!40101 SET CHARACTER_SET_CLIENT=@OLD_CHARACTER_SET_CLIENT */;
/*!40101 SET CHARACTER_SET_RESULTS=@OLD_CHARACTER_SET_RESULTS */;
/*!40101 SET COLLATION_CONNECTION=@OLD_COLLATION_CONNECTION */;
